{"initial_reset_timestamp": 8.6825501, "timestamps": [32.980243, 38.6552777], "episode_lengths": [36, 6], "episode_rewards": [28.000000000000014, 4.4], "episode_rewards_": [[0.7999999999999999, 0.7999999999999999, 0.7999999999999999, 0.7999999999999999, 0.7999999999999999, 0.7999999999999999, 0.7999999999999999, 0.7999999999999999, 0.7999999999999999, 0.7999999999999999, 0.7999999999999999, 0.7999999999999999, 0.7999999999999999, 0.7999999999999999, 0.7999999999999999, 0.7999999999999999, 0.7999999999999999, 0.7999999999999999, 0.7999999999999999, 0.7999999999999999, 0.7999999999999999, 0.7999999999999999, 0.7999999999999999, 0.7999999999999999, 0.7999999999999999, 0.7999999999999999, 0.7999999999999999, 0.7999999999999999, 0.7999999999999999, 0.7999999999999999, 0.7999999999999999, 0.7999999999999999, 0.7999999999999999, 0.7999999999999999, 0.7999999999999999, 0.0], [0.8666666666666667, 0.8666666666666667, 0.8666666666666667, 0.8666666666666667, 0.8666666666666667, 0.06666666666666665]], "episode_seeds": [8772003779535925393, 13224841473903631195], "episode_types": ["t", "t", "t"], "episode_speed": [[25.0, 25.0, 25.0, 25.0, 25.0, 25.0, 25.0, 25.0, 25.0, 25.0, 25.0, 25.0, 25.0, 25.0, 25.0, 25.0, 25.0, 25.0, 25.0, 25.0, 25.0, 25.0, 25.0, 25.0, 25.0, 25.0, 25.0, 25.0, 25.0, 25.0, 25.0, 25.0, 25.0, 25.0, 25.0, 15.424015217192501], [25.0, 25.0, 25.0, 25.0, 25.0, 15.424015217192501]], "episode_crashed": [[false, false, false, false, false, false, false, false, false, false, false, false, false, false, false, false, false, false, false, false, false, false, false, false, false, false, false, false, false, false, false, false, false, false, false, true], [false, false, false, false, false, true]], "episode_action": [[1, 1, 1, 1, 1, 1, 1, 1, 1, 1, 1, 1, 1, 1, 1, 1, 1, 1, 1, 1, 1, 1, 1, 1, 1, 1, 1, 1, 1, 1, 1, 1, 1, 1, 1, 1], [1, 1, 1, 1, 1, 1]], "episode_cost": [[0.0, 0.0, 0.0, 0.0, 0.0, 0.0, 0.0, 0.0, 0.0, 0.0, 0.0, 0.0, 0.0, 0.0, 0.0, 0.0, 0.0, 0.0, 0.0, 0.0, 0.0, 0.0, 0.0, 0.0, 0.0, 0.0, 0.0, 0.0, 0.0, 0.0, 0.0, 0.0, 0.0, 0.0, 0.0, 1.0], [0.0, 0.0, 0.0, 0.0, 0.0, 1.0]]}